level	req	iso	status	bytes	x_api_cache	latency_s	curl_exit
1	1	2026-09-04T10:53:34+08:00	200	9033	HIT	0.026900	0
1	2	2026-09-04T10:53:34+08:00	200	9033	HIT	0.027071	0
1	3	2026-09-04T10:53:34+08:00	200	9033	HIT	0.026656	0
1	4	2026-09-04T10:53:34+08:00	200	9033	HIT	0.026689	0
1	5	2026-09-04T10:53:34+08:00	200	9033	HIT	0.026530	0
1	6	2026-09-04T10:53:34+08:00	200	9033	HIT	0.026309	0
1	7	2026-09-04T10:53:35+08:00	200	9033	HIT	0.026711	0
1	8	2026-09-04T10:53:35+08:00	200	9033	HIT	0.026653	0
1	9	2026-09-04T10:53:35+08:00	200	9033	HIT	0.026744	0
1	10	2026-09-04T10:53:35+08:00	200	9033	HIT	0.026880	0
1	11	2026-09-04T10:53:35+08:00	200	9033	HIT	0.026449	0
1	12	2026-09-04T10:53:35+08:00	200	9033	HIT	0.026413	0
1	13	2026-09-04T10:53:35+08:00	200	9033	HIT	0.026518	0
1	14	2026-09-04T10:53:35+08:00	200	9033	HIT	0.026390	0
1	15	2026-09-04T10:53:35+08:00	200	9033	HIT	0.026505	0
1	16	2026-09-04T10:53:35+08:00	200	9033	HIT	0.026377	0
1	17	2026-09-04T10:53:35+08:00	200	9033	HIT	0.026472	0
1	18	2026-09-04T10:53:35+08:00	200	9033	HIT	0.026484	0
1	19	2026-09-04T10:53:35+08:00	200	9033	HIT	0.026422	0
1	20	2026-09-04T10:53:35+08:00	200	9033	HIT	0.026792	0
1	21	2026-09-04T10:53:35+08:00	200	9033	HIT	0.026330	0
1	22	2026-09-04T10:53:35+08:00	200	9033	HIT	0.026727	0
1	23	2026-09-04T10:53:35+08:00	200	9033	HIT	0.026548	0
1	24	2026-09-04T10:53:35+08:00	200	9033	HIT	0.026578	0
1	25	2026-09-04T10:53:35+08:00	200	9033	HIT	0.026468	0
1	26	2026-09-04T10:53:35+08:00	200	9033	HIT	0.026984	0
1	27	2026-09-04T10:53:35+08:00	200	9033	HIT	0.026895	0
1	28	2026-09-04T10:53:35+08:00	200	9033	HIT	0.026434	0
1	29	2026-09-04T10:53:35+08:00	200	9033	HIT	0.026427	0
1	30	2026-09-04T10:53:36+08:00	200	9033	HIT	0.026693	0
2	1	2026-09-04T10:53:38+08:00	200	9033	HIT	0.027131	0
2	2	2026-09-04T10:53:38+08:00	200	9033	HIT	0.026808	0
2	4	2026-09-04T10:53:38+08:00	200	9033	HIT	0.026891	0
2	3	2026-09-04T10:53:38+08:00	200	9033	HIT	0.026675	0
2	5	2026-09-04T10:53:38+08:00	200	9033	HIT	0.026575	0
2	6	2026-09-04T10:53:38+08:00	200	9033	HIT	0.026649	0
2	7	2026-09-04T10:53:38+08:00	200	9033	HIT	0.026487	0
2	8	2026-09-04T10:53:38+08:00	200	9033	HIT	0.028200	0
2	10	2026-09-04T10:53:38+08:00	200	9033	HIT	0.026559	0
2	9	2026-09-04T10:53:38+08:00	200	9033	HIT	0.026502	0
2	11	2026-09-04T10:53:38+08:00	200	9033	HIT	0.026715	0
2	12	2026-09-04T10:53:38+08:00	200	9033	HIT	0.026655	0
2	13	2026-09-04T10:53:38+08:00	200	9033	HIT	0.027085	0
2	14	2026-09-04T10:53:38+08:00	200	9033	HIT	0.026772	0
2	15	2026-09-04T10:53:38+08:00	200	9033	HIT	0.026612	0
2	16	2026-09-04T10:53:38+08:00	200	9033	HIT	0.026366	0
2	18	2026-09-04T10:53:38+08:00	200	9033	HIT	0.026503	0
2	17	2026-09-04T10:53:38+08:00	200	9033	HIT	0.026815	0
2	19	2026-09-04T10:53:38+08:00	200	9033	HIT	0.026447	0
2	20	2026-09-04T10:53:38+08:00	200	9033	HIT	0.027093	0
2	21	2026-09-04T10:53:38+08:00	200	9033	HIT	0.026845	0
2	22	2026-09-04T10:53:38+08:00	200	9033	HIT	0.026650	0
2	23	2026-09-04T10:53:38+08:00	200	9033	HIT	0.026861	0
2	24	2026-09-04T10:53:38+08:00	200	9033	HIT	0.026472	0
2	25	2026-09-04T10:53:38+08:00	200	9033	HIT	0.026917	0
2	26	2026-09-04T10:53:38+08:00	200	9033	HIT	0.026865	0
2	27	2026-09-04T10:53:38+08:00	200	9033	HIT	0.026559	0
2	28	2026-09-04T10:53:38+08:00	200	9033	HIT	0.026621	0
2	29	2026-09-04T10:53:38+08:00	200	9033	HIT	0.026723	0
2	30	2026-09-04T10:53:38+08:00	200	9033	HIT	0.027056	0
4	4	2026-09-04T10:53:40+08:00	200	9033	HIT	0.026791	0
4	2	2026-09-04T10:53:40+08:00	200	9033	HIT	0.027110	0
4	3	2026-09-04T10:53:40+08:00	200	9033	HIT	0.026998	0
4	1	2026-09-04T10:53:40+08:00	200	9033	HIT	0.026908	0
4	5	2026-09-04T10:53:40+08:00	200	9033	HIT	0.026729	0
4	6	2026-09-04T10:53:40+08:00	200	9033	HIT	0.026967	0
4	8	2026-09-04T10:53:40+08:00	200	9033	HIT	0.027016	0
4	7	2026-09-04T10:53:40+08:00	200	9033	HIT	0.026840	0
4	12	2026-09-04T10:53:41+08:00	200	9033	HIT	0.026781	0
4	10	2026-09-04T10:53:41+08:00	200	9033	HIT	0.027080	0
4	11	2026-09-04T10:53:41+08:00	200	9033	HIT	0.026773	0
4	9	2026-09-04T10:53:41+08:00	200	9033	HIT	0.026774	0
4	15	2026-09-04T10:53:41+08:00	200	9033	HIT	0.026561	0
4	13	2026-09-04T10:53:41+08:00	200	9033	HIT	0.026609	0
4	16	2026-09-04T10:53:41+08:00	200	9033	HIT	0.026765	0
4	14	2026-09-04T10:53:41+08:00	200	9033	HIT	0.027531	0
4	17	2026-09-04T10:53:41+08:00	200	9033	HIT	0.026722	0
4	19	2026-09-04T10:53:41+08:00	200	9033	HIT	0.026759	0
4	18	2026-09-04T10:53:41+08:00	200	9033	HIT	0.027122	0
4	20	2026-09-04T10:53:41+08:00	200	9033	HIT	0.026838	0
4	22	2026-09-04T10:53:41+08:00	200	9033	HIT	0.026995	0
4	21	2026-09-04T10:53:41+08:00	200	9033	HIT	0.027161	0
4	24	2026-09-04T10:53:41+08:00	200	9033	HIT	0.026869	0
4	23	2026-09-04T10:53:41+08:00	200	9033	HIT	0.026932	0
4	26	2026-09-04T10:53:41+08:00	200	9033	HIT	0.026742	0
4	25	2026-09-04T10:53:41+08:00	200	9033	HIT	0.026806	0
4	28	2026-09-04T10:53:41+08:00	200	9033	HIT	0.027006	0
4	27	2026-09-04T10:53:41+08:00	200	9033	HIT	0.027179	0
4	29	2026-09-04T10:53:41+08:00	200	9033	HIT	0.026608	0
4	30	2026-09-04T10:53:41+08:00	200	9033	HIT	0.026531	0
8	1	2026-09-04T10:53:43+08:00	200	9033	HIT	0.027637	0
8	4	2026-09-04T10:53:43+08:00	200	9033	HIT	0.026884	0
8	7	2026-09-04T10:53:43+08:00	200	9033	HIT	0.027016	0
8	8	2026-09-04T10:53:43+08:00	200	9033	HIT	0.027075	0
8	3	2026-09-04T10:53:43+08:00	200	9033	HIT	0.026908	0
8	5	2026-09-04T10:53:43+08:00	200	9033	HIT	0.027419	0
8	2	2026-09-04T10:53:43+08:00	200	9033	HIT	0.027255	0
8	6	2026-09-04T10:53:43+08:00	200	9033	HIT	0.029567	0
8	11	2026-09-04T10:53:43+08:00	200	9033	HIT	0.026813	0
8	15	2026-09-04T10:53:43+08:00	200	9033	HIT	0.027516	0
8	13	2026-09-04T10:53:43+08:00	200	9033	HIT	0.027261	0
8	9	2026-09-04T10:53:43+08:00	200	9033	HIT	0.027224	0
8	10	2026-09-04T10:53:43+08:00	200	9033	HIT	0.027289	0
8	16	2026-09-04T10:53:43+08:00	200	9033	HIT	0.027210	0
8	12	2026-09-04T10:53:43+08:00	200	9033	HIT	0.029383	0
8	14	2026-09-04T10:53:43+08:00	200	9033	HIT	0.029336	0
8	21	2026-09-04T10:53:43+08:00	200	9033	HIT	0.027160	0
8	18	2026-09-04T10:53:43+08:00	200	9033	HIT	0.027216	0
8	17	2026-09-04T10:53:43+08:00	200	9033	HIT	0.026758	0
8	19	2026-09-04T10:53:43+08:00	200	9033	HIT	0.026680	0
8	20	2026-09-04T10:53:43+08:00	200	9033	HIT	0.027008	0
8	22	2026-09-04T10:53:43+08:00	200	9033	HIT	0.027231	0
8	24	2026-09-04T10:53:43+08:00	200	9033	HIT	0.029484	0
8	23	2026-09-04T10:53:43+08:00	200	9033	HIT	0.029654	0
8	26	2026-09-04T10:53:43+08:00	200	9033	HIT	0.027233	0
8	28	2026-09-04T10:53:43+08:00	200	9033	HIT	0.026911	0
8	27	2026-09-04T10:53:43+08:00	200	9033	HIT	0.027118	0
8	25	2026-09-04T10:53:43+08:00	200	9033	HIT	0.027169	0
8	30	2026-09-04T10:53:43+08:00	200	9033	HIT	0.026945	0
8	29	2026-09-04T10:53:43+08:00	200	9033	HIT	0.027003	0
