when	level	status	restarts	master_pid	master_start	workers	worker_pids	listen	rss_kb	cpu_pct
before	0	online	0	3505552	180143568	2	3505555,3505556	1	470516	0.2
pre1	1	online	0	3505552	180143568	2	3505555,3505556	1	470516	0.2
post1	1	online	0	3505552	180143568	2	3505555,3505556	1	469232	0.2
pre2	2	online	0	3505552	180143568	2	3505555,3505556	1	469232	0.2
post2	2	online	0	3505552	180143568	2	3505555,3505556	1	469580	0.2
pre4	4	online	0	3505552	180143568	2	3505555,3505556	1	469580	0.2
post4	4	online	0	3505552	180143568	2	3505555,3505556	1	469900	0.2
pre8	8	online	0	3505552	180143568	2	3505555,3505556	1	469900	0.2
post8	8	online	0	3505552	180143568	2	3505555,3505556	1	470084	0.3
